<bot schemaname="cr49b_n4HBuddy">
  <authenticationmode>1</authenticationmode>
  <authenticationtrigger>0</authenticationtrigger>
  <iscustomizable>0</iscustomizable>
  <language>1033</language>
  <name>PathFinder</name>
  <runtimeprovider>0</runtimeprovider>
  <synchronizationstatus>{
  "contentVersion": 2,
  "lastFinishedPublishOperation": {
    "userId": "3aed154c-c611-4f29-8982-e488b215a211",
    "operationStart": "2023-05-30T19:50:12.2303543Z",
    "operationEnd": "2023-05-30T19:50:17.6938273Z",
    "status": "Succeeded"
  },
  "lastPublishedOnUtc": "2023-05-30T19:50:16Z",
  "currentSynchronizationState": {
    "botRegistration": {
      "applicationId": "47db55dd-7021-4601-b7ef-6237b47498bd",
      "isAppAvailableInTenant": true
    },
    "provisioningStatus": "Provisioned",
    "state": "Synchronized"
  },
  "lastSynchronizedOnUtc": "2023-05-30T19:51:01.8802259Z"
}</synchronizationstatus>
  <template>default-2.0.0</template>
  <timezoneruleversionnumber>4</timezoneruleversionnumber>
</bot>