<botcomponent_workflowset>
  <botcomponent_workflow botcomponentid.schemaname="cr49b_n4HBuddy.topic.NearestFoodBank" workflowid.workflowid="9bcf06c8-9ffb-ed11-8848-000d3a1029ac">
    <iscustomizable>1</iscustomizable>
  </botcomponent_workflow>
  <botcomponent_workflow botcomponentid.schemaname="cr49b_n4HBuddy.topic.Untitled" workflowid.workflowid="44730a99-b8f9-ed11-8848-000d3a1029ac">
    <iscustomizable>1</iscustomizable>
  </botcomponent_workflow>
  <botcomponent_workflow botcomponentid.schemaname="cr49b_n4HBuddy.topic.Untitled_2bs" workflowid.workflowid="0b996dbf-8efa-ed11-8848-000d3a1029ac">
    <iscustomizable>1</iscustomizable>
  </botcomponent_workflow>
</botcomponent_workflowset>