<ImportExportXml version="9.2.23044.234" SolutionPackageVersion="9.2" languagecode="1033" generatedBy="CrmLive" xmlns:xsi="http://www.w3.org/2001/XMLSchema-instance">
  <SolutionManifest>
    <UniqueName>HackaThon2023V2</UniqueName>
    <LocalizedNames>
      <LocalizedName description="Hackathon2023-TeamTurboFuture" languagecode="1033" />
    </LocalizedNames>
    <Descriptions />
    <Version>1.0.0.3</Version>
    <Managed>1</Managed>
    <Publisher>
      <UniqueName>TeamA</UniqueName>
      <LocalizedNames>
        <LocalizedName description="TeamA" languagecode="1033" />
      </LocalizedNames>
      <Descriptions />
      <EMailAddress xsi:nil="true"></EMailAddress>
      <SupportingWebsiteUrl xsi:nil="true"></SupportingWebsiteUrl>
      <CustomizationPrefix>ta</CustomizationPrefix>
      <CustomizationOptionValuePrefix>12669</CustomizationOptionValuePrefix>
      <Addresses>
        <Address>
          <AddressNumber>1</AddressNumber>
          <AddressTypeCode>1</AddressTypeCode>
          <City xsi:nil="true"></City>
          <County xsi:nil="true"></County>
          <Country xsi:nil="true"></Country>
          <Fax xsi:nil="true"></Fax>
          <FreightTermsCode xsi:nil="true"></FreightTermsCode>
          <ImportSequenceNumber xsi:nil="true"></ImportSequenceNumber>
          <Latitude xsi:nil="true"></Latitude>
          <Line1 xsi:nil="true"></Line1>
          <Line2 xsi:nil="true"></Line2>
          <Line3 xsi:nil="true"></Line3>
          <Longitude xsi:nil="true"></Longitude>
          <Name xsi:nil="true"></Name>
          <PostalCode xsi:nil="true"></PostalCode>
          <PostOfficeBox xsi:nil="true"></PostOfficeBox>
          <PrimaryContactName xsi:nil="true"></PrimaryContactName>
          <ShippingMethodCode>1</ShippingMethodCode>
          <StateOrProvince xsi:nil="true"></StateOrProvince>
          <Telephone1 xsi:nil="true"></Telephone1>
          <Telephone2 xsi:nil="true"></Telephone2>
          <Telephone3 xsi:nil="true"></Telephone3>
          <TimeZoneRuleVersionNumber xsi:nil="true"></TimeZoneRuleVersionNumber>
          <UPSZone xsi:nil="true"></UPSZone>
          <UTCOffset xsi:nil="true"></UTCOffset>
          <UTCConversionTimeZoneCode xsi:nil="true"></UTCConversionTimeZoneCode>
        </Address>
        <Address>
          <AddressNumber>2</AddressNumber>
          <AddressTypeCode>1</AddressTypeCode>
          <City xsi:nil="true"></City>
          <County xsi:nil="true"></County>
          <Country xsi:nil="true"></Country>
          <Fax xsi:nil="true"></Fax>
          <FreightTermsCode xsi:nil="true"></FreightTermsCode>
          <ImportSequenceNumber xsi:nil="true"></ImportSequenceNumber>
          <Latitude xsi:nil="true"></Latitude>
          <Line1 xsi:nil="true"></Line1>
          <Line2 xsi:nil="true"></Line2>
          <Line3 xsi:nil="true"></Line3>
          <Longitude xsi:nil="true"></Longitude>
          <Name xsi:nil="true"></Name>
          <PostalCode xsi:nil="true"></PostalCode>
          <PostOfficeBox xsi:nil="true"></PostOfficeBox>
          <PrimaryContactName xsi:nil="true"></PrimaryContactName>
          <ShippingMethodCode>1</ShippingMethodCode>
          <StateOrProvince xsi:nil="true"></StateOrProvince>
          <Telephone1 xsi:nil="true"></Telephone1>
          <Telephone2 xsi:nil="true"></Telephone2>
          <Telephone3 xsi:nil="true"></Telephone3>
          <TimeZoneRuleVersionNumber xsi:nil="true"></TimeZoneRuleVersionNumber>
          <UPSZone xsi:nil="true"></UPSZone>
          <UTCOffset xsi:nil="true"></UTCOffset>
          <UTCConversionTimeZoneCode xsi:nil="true"></UTCConversionTimeZoneCode>
        </Address>
      </Addresses>
    </Publisher>
    <RootComponents>
      <RootComponent type="1" schemaName="cr49b_usstates" behavior="0" />
      <RootComponent type="1" schemaName="systemuser" behavior="1" />
      <RootComponent type="1" schemaName="ta_foodpantry" behavior="0" />
      <RootComponent type="1" schemaName="ta_userbookmarks" behavior="0" />
      <RootComponent type="9" schemaName="ta_opportunitiesoffered" behavior="0" />
      <RootComponent type="29" id="{0b996dbf-8efa-ed11-8848-000d3a1029ac}" behavior="0" />
      <RootComponent type="29" id="{44730a99-b8f9-ed11-8848-000d3a1029ac}" behavior="0" />
      <RootComponent type="29" id="{9bcf06c8-9ffb-ed11-8848-000d3a1029ac}" behavior="0" />
      <RootComponent type="300" schemaName="ta_mobileapp_c7aca" behavior="0" />
      <RootComponent type="431" schemaName="ta_foodpantry ta_businessimage" behavior="0" />
      <RootComponent type="432" schemaName="ta_foodpantry" behavior="0" />
    </RootComponents>
    <MissingDependencies>
      <MissingDependency>
        <Required type="1" schemaName="cr49b_supportscreenfeedback" displayName="SupportScreenFeedback" solution="Active" />
        <Dependent type="300" schemaName="ta_mobileapp_c7aca" displayName="Nourish4Humanity" />
      </MissingDependency>
      <MissingDependency>
        <Required type="connectionreference" displayName="cr49b_sharedbingmaps_df5b4" solution="Active" id.connectionreferencelogicalname="cr49b_sharedbingmaps_df5b4" />
        <Dependent type="29" displayName="Get Nearest Food Bank Details" id="{9bcf06c8-9ffb-ed11-8848-000d3a1029ac}" />
      </MissingDependency>
      <MissingDependency>
        <Required type="connectionreference" displayName="cr49b_sharedcommondataserviceforapps_261fe" solution="Active" id.connectionreferencelogicalname="cr49b_sharedcommondataserviceforapps_261fe" />
        <Dependent type="29" displayName="Return List of Food Pantries for Selected State" id="{0b996dbf-8efa-ed11-8848-000d3a1029ac}" />
      </MissingDependency>
      <MissingDependency>
        <Required type="connectionreference" displayName="cr49b_sharedcommondataserviceforapps_261fe" solution="Active" id.connectionreferencelogicalname="cr49b_sharedcommondataserviceforapps_261fe" />
        <Dependent type="29" displayName="Power Virtual Agents Flow Template" id="{44730a99-b8f9-ed11-8848-000d3a1029ac}" />
      </MissingDependency>
      <MissingDependency>
        <Required type="connectionreference" displayName="cr49b_sharedcommondataserviceforapps_261fe" solution="Active" id.connectionreferencelogicalname="cr49b_sharedcommondataserviceforapps_261fe" />
        <Dependent type="29" displayName="Get Nearest Food Bank Details" id="{9bcf06c8-9ffb-ed11-8848-000d3a1029ac}" />
      </MissingDependency>
    </MissingDependencies>
  </SolutionManifest>
</ImportExportXml>