{
  "properties": {
    "connectionReferences": {
      "shared_commondataserviceforapps": {
        "runtimeSource": "embedded",
        "connection": {
          "connectionReferenceLogicalName": "cr49b_sharedcommondataserviceforapps_261fe"
        },
        "api": {
          "name": "shared_commondataserviceforapps"
        }
      },
      "shared_bingmaps_1": {
        "runtimeSource": "embedded",
        "connection": {
          "connectionReferenceLogicalName": "cr49b_sharedbingmaps_df5b4"
        },
        "api": {
          "name": "shared_bingmaps"
        }
      },
      "shared_bingmaps": {
        "runtimeSource": "embedded",
        "connection": {
          "connectionReferenceLogicalName": "cr49b_sharedbingmaps_df5b4"
        },
        "api": {
          "name": "shared_bingmaps"
        }
      }
    },
    "definition": {
      "$schema": "https://schema.management.azure.com/providers/Microsoft.Logic/schemas/2016-06-01/workflowdefinition.json#",
      "contentVersion": "1.0.0.0",
      "parameters": {
        "$connections": {
          "defaultValue": {},
          "type": "Object"
        },
        "$authentication": {
          "defaultValue": {},
          "type": "SecureObject"
        }
      },
      "triggers": {
        "manual": {
          "metadata": {
            "operationMetadataId": "d388b14f-1432-44f7-bd2a-2cbcf80f0500"
          },
          "type": "Request",
          "kind": "VirtualAgent",
          "inputs": {
            "schema": {
              "type": "object",
              "properties": {
                "number": {
                  "title": "userZipCode",
                  "type": "number",
                  "x-ms-dynamically-added": true,
                  "description": "Please enter a number",
                  "x-ms-content-hint": "NUMBER"
                }
              },
              "required": [
                "number"
              ]
            }
          }
        }
      },
      "actions": {
        "Return_value(s)_to_Power_Virtual_Agents": {
          "runAfter": {
            "Condition_2": [
              "Succeeded"
            ]
          },
          "metadata": {
            "operationMetadataId": "b5daffb8-c229-44b5-9b82-7e93419a38f9"
          },
          "type": "Response",
          "kind": "VirtualAgent",
          "inputs": {
            "statusCode": 200,
            "body": {
              "foodbankname": "@{if(equals(variables('varErrorCode'),404),'Wrong ZipCode',body('Parse_JSON_2')?['Food Bank Name'])}",
              "foodbankaddress": "@{if(equals(variables('varErrorCode'),404),'Wrong ZipCode',body('Parse_JSON_2')?['Food Bank Address'])}",
              "traveldistance": "@{if(equals(variables('varErrorCode'),404),0.0,formatNumber(body('Parse_JSON_2')?['Travel Distance'],'0.0'))}",
              "travelduration": "@{if(equals(variables('varErrorCode'),404),0,div(body('Parse_JSON_2')?['Travel Duration'],60))}",
              "message": "@variables('varErrorMessage')",
              "errorcode": "@variables('varErrorCode')"
            },
            "schema": {
              "type": "object",
              "properties": {
                "foodbankname": {
                  "title": "FoodBankName",
                  "x-ms-dynamically-added": true,
                  "type": "string"
                },
                "foodbankaddress": {
                  "title": "FoodBankAddress",
                  "x-ms-dynamically-added": true,
                  "type": "string"
                },
                "traveldistance": {
                  "title": "TravelDistance",
                  "x-ms-dynamically-added": true,
                  "type": "string"
                },
                "travelduration": {
                  "title": "TravelDuration",
                  "x-ms-dynamically-added": true,
                  "type": "string"
                },
                "message": {
                  "title": "Message",
                  "x-ms-dynamically-added": true,
                  "type": "string"
                },
                "errorcode": {
                  "title": "ErrorCode",
                  "x-ms-dynamically-added": true,
                  "type": "number"
                }
              }
            }
          }
        },
        "List_rows": {
          "runAfter": {},
          "metadata": {
            "operationMetadataId": "b1a5e861-8383-4879-b2e9-4fc2f01fe565"
          },
          "type": "OpenApiConnection",
          "inputs": {
            "host": {
              "connectionName": "shared_commondataserviceforapps",
              "operationId": "ListRecords",
              "apiId": "/providers/Microsoft.PowerApps/apis/shared_commondataserviceforapps"
            },
            "parameters": {
              "entityName": "cr49b_usstateses",
              "fetchXml": "<fetch version=\"1.0\" mapping=\"logical\" no-lock=\"false\" distinct=\"true\"><entity name=\"cr49b_usstates\"><attribute name=\"cr49b_usstatesid\"/><attribute name=\"cr49b_name\"/><order attribute=\"cr49b_name\" descending=\"false\"/><attribute name=\"cr49b_startzipcode\"/><attribute name=\"cr49b_endzipcode\"/><filter type=\"and\"><condition attribute=\"cr49b_startzipcode\" operator=\"le\" value=\"@{triggerBody()['number']}\"/><condition attribute=\"cr49b_endzipcode\" operator=\"ge\" value=\"@{triggerBody()['number']}\"/></filter></entity></fetch>",
              "$top": 1
            },
            "authentication": "@parameters('$authentication')"
          }
        },
        "Condition_2": {
          "actions": {
            "Set_variable_3": {
              "runAfter": {},
              "metadata": {
                "operationMetadataId": "d39c6b5c-524e-4ae9-83b9-182b55560482"
              },
              "type": "SetVariable",
              "inputs": {
                "name": "varErrorCode",
                "value": 404
              }
            },
            "Set_variable_4": {
              "runAfter": {
                "Set_variable_3": [
                  "Succeeded"
                ]
              },
              "metadata": {
                "operationMetadataId": "918f83f0-14ec-428e-b50b-2f4d0f2f3d78"
              },
              "type": "SetVariable",
              "inputs": {
                "name": "varErrorMessage",
                "value": "The zipcode provided by you is not valid. Please provide correct one."
              }
            }
          },
          "runAfter": {
            "Initialize_variable_5": [
              "Succeeded"
            ]
          },
          "else": {
            "actions": {
              "List_rows_3": {
                "runAfter": {},
                "metadata": {
                  "operationMetadataId": "8110b787-7ef3-46f2-ae0c-2e64fa1697b6"
                },
                "type": "OpenApiConnection",
                "inputs": {
                  "host": {
                    "connectionName": "shared_commondataserviceforapps",
                    "operationId": "ListRecords",
                    "apiId": "/providers/Microsoft.PowerApps/apis/shared_commondataserviceforapps"
                  },
                  "parameters": {
                    "entityName": "ta_foodpantries",
                    "fetchXml": "<fetch version=\"1.0\" mapping=\"logical\" no-lock=\"false\" distinct=\"true\"><entity name=\"ta_foodpantry\"><attribute name=\"ta_businessimage_url\"/><attribute name=\"ta_foodpantryid\"/><attribute name=\"ta_name\"/><order attribute=\"ta_name\" descending=\"false\"/><attribute name=\"ta_address\"/><attribute name=\"ta_lattitude\"/><attribute name=\"ta_longitude\"/><attribute name=\"ta_state\"/><filter type=\"and\"><condition attribute=\"statecode\" operator=\"eq\" value=\"0\"/><condition attribute=\"ta_state\" operator=\"eq\" value=\"{@{first(outputs('List_rows')?['body/value'])?['cr49b_usstatesid']}}\" uiname=\"@{first(outputs('List_rows')?['body/value'])?['cr49b_name']}\" uitype=\"cr49b_usstates\"/></filter></entity></fetch>"
                  },
                  "authentication": "@parameters('$authentication')"
                }
              },
              "Get_location_by_address": {
                "runAfter": {
                  "List_rows_3": [
                    "Succeeded"
                  ]
                },
                "metadata": {
                  "operationMetadataId": "437577b7-b1fa-40a1-a54b-9e265ea15134"
                },
                "type": "OpenApiConnection",
                "inputs": {
                  "host": {
                    "connectionName": "shared_bingmaps_1",
                    "operationId": "GetLocationByAddress",
                    "apiId": "/providers/Microsoft.PowerApps/apis/shared_bingmaps"
                  },
                  "parameters": {
                    "postalCode": "@triggerBody()['number']"
                  },
                  "authentication": "@parameters('$authentication')"
                }
              },
              "Apply_to_each": {
                "foreach": "@outputs('List_rows_3')?['body/value']",
                "actions": {
                  "GetRoute": {
                    "runAfter": {},
                    "metadata": {
                      "operationMetadataId": "3e9e49f2-1055-4cf3-bbf9-eae3423973a5"
                    },
                    "type": "OpenApiConnection",
                    "inputs": {
                      "host": {
                        "connectionName": "shared_bingmaps",
                        "operationId": "GetRouteV3",
                        "apiId": "/providers/Microsoft.PowerApps/apis/shared_bingmaps"
                      },
                      "parameters": {
                        "wp.0": "@{outputs('Get_location_by_address')?['body/point/coordinates/latitude']},@{outputs('Get_location_by_address')?['body/point/coordinates/longitude']}",
                        "wp.1": "@{items('Apply_to_each')?['ta_lattitude']},@{items('Apply_to_each')?['ta_longitude']}",
                        "travelMode": "Driving",
                        "avoid_highways": false,
                        "avoid_tolls": false,
                        "avoid_ferry": false,
                        "avoid_minimizeHighways": false,
                        "avoid_minimizeTolls": false,
                        "avoid_borderCrossing": false,
                        "optimize": "distance",
                        "distanceUnit": "Mile"
                      },
                      "authentication": "@parameters('$authentication')"
                    }
                  },
                  "Append_to_array_variable": {
                    "runAfter": {
                      "GetRoute": [
                        "Succeeded",
                        "Failed"
                      ]
                    },
                    "metadata": {
                      "operationMetadataId": "6c9858a5-cec8-4675-be8c-2d404e8b74dc"
                    },
                    "type": "AppendToArrayVariable",
                    "inputs": {
                      "name": "Returned Data",
                      "value": {
                        "Food Bank Name": "@items('Apply_to_each')?['ta_name']",
                        "Food Bank Address": "@items('Apply_to_each')?['ta_address']",
                        "State": "@first(outputs('List_rows')?['body/value'])?['cr49b_name']",
                        "Food Bank Latitude": "@items('Apply_to_each')?['ta_lattitude']",
                        "Food Bank Longitude": "@items('Apply_to_each')?['ta_longitude']",
                        "Zipcode": "@triggerBody()['number']",
                        "Zipcode Description": "@outputs('Get_location_by_address')?['body/name']",
                        "ZIpcode Latitude": "@outputs('Get_location_by_address')?['body/point/coordinates/latitude']",
                        "Zipcode Longitude": "@outputs('Get_location_by_address')?['body/point/coordinates/longitude']",
                        "Travel Distance": "@outputs('GetRoute')?['body/travelDistance']",
                        "Travel Duration": "@outputs('GetRoute')?['body/travelDuration']"
                      }
                    }
                  }
                },
                "runAfter": {
                  "Get_location_by_address": [
                    "Succeeded"
                  ]
                },
                "metadata": {
                  "operationMetadataId": "becbd6fd-ecef-49bd-96c6-a24a37e8023c"
                },
                "type": "Foreach"
              },
              "Compose": {
                "runAfter": {
                  "Apply_to_each": [
                    "Succeeded"
                  ]
                },
                "metadata": {
                  "operationMetadataId": "c9494b42-bfb0-4667-9f14-e125d7ff01db"
                },
                "type": "Compose",
                "inputs": "@variables('Returned Data')"
              },
              "Parse_JSON": {
                "runAfter": {
                  "Compose": [
                    "Succeeded"
                  ]
                },
                "metadata": {
                  "operationMetadataId": "e2f99ac9-d1d4-4e57-a25f-24d2620b2530"
                },
                "type": "ParseJson",
                "inputs": {
                  "content": "@outputs('Compose')",
                  "schema": {
                    "type": "array",
                    "items": {
                      "type": "object",
                      "properties": {
                        "Food Bank Name": {
                          "type": "string"
                        },
                        "Food Bank Address": {
                          "type": "string"
                        },
                        "State": {
                          "type": "string"
                        },
                        "Food Bank Latitude": {
                          "type": "number"
                        },
                        "Food Bank Longitude": {
                          "type": "number"
                        },
                        "Zipcode": {
                          "type": "integer"
                        },
                        "Zipcode Description": {
                          "type": "string"
                        },
                        "ZIpcode Latitude": {
                          "type": "number"
                        },
                        "Zipcode Longitude": {
                          "type": "number"
                        },
                        "Travel Distance": {
                          "type": "number"
                        },
                        "Travel Duration": {
                          "type": "integer"
                        }
                      },
                      "required": [
                        "Food Bank Name",
                        "Food Bank Address",
                        "State",
                        "Food Bank Latitude",
                        "Food Bank Longitude",
                        "Zipcode",
                        "Zipcode Description",
                        "ZIpcode Latitude",
                        "Zipcode Longitude",
                        "Travel Distance",
                        "Travel Duration"
                      ]
                    }
                  }
                }
              },
              "Apply_to_each_2": {
                "foreach": "@body('Parse_JSON')",
                "actions": {
                  "Condition": {
                    "actions": {
                      "Set_variable": {
                        "runAfter": {},
                        "metadata": {
                          "operationMetadataId": "8a1d5d3e-5958-4f9b-8e04-e90197eda265"
                        },
                        "type": "SetVariable",
                        "inputs": {
                          "name": "LowestDistance",
                          "value": "@items('Apply_to_each_2')['Travel Distance']"
                        }
                      },
                      "Set_variable_2": {
                        "runAfter": {
                          "Set_variable": [
                            "Succeeded"
                          ]
                        },
                        "metadata": {
                          "operationMetadataId": "1382defa-5ee1-42b9-8a21-9f6acab1a67a"
                        },
                        "type": "SetVariable",
                        "inputs": {
                          "name": "LowestDistanceRecord",
                          "value": "@items('Apply_to_each_2')"
                        }
                      }
                    },
                    "runAfter": {},
                    "expression": {
                      "less": [
                        "@items('Apply_to_each_2')['Travel Distance']",
                        "@variables('LowestDistance')"
                      ]
                    },
                    "metadata": {
                      "operationMetadataId": "ef4416f9-43ea-4721-8761-80f642d82efd"
                    },
                    "type": "If"
                  }
                },
                "runAfter": {
                  "Parse_JSON": [
                    "Succeeded"
                  ]
                },
                "metadata": {
                  "operationMetadataId": "458fee42-a6df-4193-b3d3-6a7ba6cab03f"
                },
                "type": "Foreach"
              },
              "Parse_JSON_2": {
                "runAfter": {
                  "Apply_to_each_2": [
                    "Succeeded"
                  ]
                },
                "metadata": {
                  "operationMetadataId": "8efffcdc-bc33-44d3-86f6-9c9a17e9de0f"
                },
                "type": "ParseJson",
                "inputs": {
                  "content": "@variables('LowestDistanceRecord')",
                  "schema": {
                    "type": "object",
                    "properties": {
                      "Food Bank Name": {
                        "type": "string"
                      },
                      "Food Bank Address": {
                        "type": "string"
                      },
                      "State": {
                        "type": "string"
                      },
                      "Food Bank Latitude": {
                        "type": "number"
                      },
                      "Food Bank Longitude": {
                        "type": "number"
                      },
                      "Zipcode": {
                        "type": "integer"
                      },
                      "Zipcode Description": {
                        "type": "string"
                      },
                      "ZIpcode Latitude": {
                        "type": "number"
                      },
                      "Zipcode Longitude": {
                        "type": "number"
                      },
                      "Travel Distance": {
                        "type": "number"
                      },
                      "Travel Duration": {
                        "type": "integer"
                      }
                    }
                  }
                }
              },
              "Set_variable_5": {
                "runAfter": {
                  "Parse_JSON_2": [
                    "Succeeded"
                  ]
                },
                "metadata": {
                  "operationMetadataId": "ddcfb614-d12e-4bc4-9a2a-07d8a55f78f7"
                },
                "type": "SetVariable",
                "inputs": {
                  "name": "varErrorCode",
                  "value": 200
                }
              },
              "Set_variable_6": {
                "runAfter": {
                  "Set_variable_5": [
                    "Succeeded"
                  ]
                },
                "metadata": {
                  "operationMetadataId": "3973cd15-f106-42b1-bb44-1e08b9a2e4a7"
                },
                "type": "SetVariable",
                "inputs": {
                  "name": "varErrorMessage",
                  "value": "All Looks Good."
                }
              }
            }
          },
          "expression": {
            "equals": [
              "@length(outputs('List_rows')?['body/value'])",
              0
            ]
          },
          "metadata": {
            "operationMetadataId": "1f9ffe65-b511-482e-b514-94a9083bf12f"
          },
          "type": "If"
        },
        "Initialize_variable": {
          "runAfter": {
            "List_rows": [
              "Succeeded"
            ]
          },
          "metadata": {
            "operationMetadataId": "939c6689-67b5-4995-92e3-a2821c6fca69"
          },
          "type": "InitializeVariable",
          "inputs": {
            "variables": [
              {
                "name": "Returned Data",
                "type": "array"
              }
            ]
          }
        },
        "Initialize_variable_2": {
          "runAfter": {
            "Initialize_variable": [
              "Succeeded"
            ]
          },
          "metadata": {
            "operationMetadataId": "358d5e00-141b-48cb-98f6-957d76a02d41"
          },
          "type": "InitializeVariable",
          "inputs": {
            "variables": [
              {
                "name": "LowestDistance",
                "type": "float",
                "value": 99999.99
              }
            ]
          }
        },
        "Initialize_variable_3": {
          "runAfter": {
            "Initialize_variable_2": [
              "Succeeded"
            ]
          },
          "metadata": {
            "operationMetadataId": "88eb62c4-b469-4b7c-950e-e301c67de23d"
          },
          "type": "InitializeVariable",
          "inputs": {
            "variables": [
              {
                "name": "LowestDistanceRecord",
                "type": "object"
              }
            ]
          }
        },
        "Initialize_variable_4": {
          "runAfter": {
            "Initialize_variable_3": [
              "Succeeded"
            ]
          },
          "metadata": {
            "operationMetadataId": "ae79bce2-1432-45bf-bcc5-be0f56923505"
          },
          "type": "InitializeVariable",
          "inputs": {
            "variables": [
              {
                "name": "varErrorMessage",
                "type": "string"
              }
            ]
          }
        },
        "Initialize_variable_5": {
          "runAfter": {
            "Initialize_variable_4": [
              "Succeeded"
            ]
          },
          "metadata": {
            "operationMetadataId": "17e107c9-96d9-491c-a6f2-c85a5703cc46"
          },
          "type": "InitializeVariable",
          "inputs": {
            "variables": [
              {
                "name": "varErrorCode",
                "type": "integer"
              }
            ]
          }
        }
      },
      "outputs": {}
    },
    "templateName": "c9cd2c4e691a4646adc8aa592c88489b"
  },
  "schemaVersion": "1.0.0.0"
}