{
  "properties": {
    "connectionReferences": {
      "shared_commondataserviceforapps": {
        "runtimeSource": "embedded",
        "connection": {
          "connectionReferenceLogicalName": "cr49b_sharedcommondataserviceforapps_261fe"
        },
        "api": {
          "name": "shared_commondataserviceforapps"
        }
      }
    },
    "definition": {
      "$schema": "https://schema.management.azure.com/providers/Microsoft.Logic/schemas/2016-06-01/workflowdefinition.json#",
      "contentVersion": "1.0.0.0",
      "parameters": {
        "$connections": {
          "defaultValue": {},
          "type": "Object"
        },
        "$authentication": {
          "defaultValue": {},
          "type": "SecureObject"
        }
      },
      "triggers": {
        "manual": {
          "metadata": {
            "operationMetadataId": "37e1bd0d-63e4-49dd-a836-595818133e7a"
          },
          "type": "Request",
          "kind": "VirtualAgent",
          "inputs": {
            "schema": {
              "type": "object",
              "properties": {
                "text": {
                  "title": "userSelectedState",
                  "type": "string",
                  "x-ms-dynamically-added": true,
                  "description": "Please provide US State",
                  "x-ms-content-hint": "TEXT"
                }
              },
              "required": [
                "text"
              ]
            }
          }
        }
      },
      "actions": {
        "Return_value(s)_to_Power_Virtual_Agents": {
          "runAfter": {
            "Condition": [
              "Succeeded"
            ]
          },
          "metadata": {
            "operationMetadataId": "753fbb3b-dce3-49e1-9092-76d68a02b064"
          },
          "type": "Response",
          "kind": "VirtualAgent",
          "inputs": {
            "statusCode": 200,
            "body": {
              "listoffoodpantries": "@{string(variables('listoffoodpantries'))}",
              "nooffoodpantries": "@int(variables('nooffoodpantries'))"
            },
            "schema": {
              "type": "object",
              "properties": {
                "listoffoodpantries": {
                  "title": "listoffoodpantries",
                  "x-ms-dynamically-added": true,
                  "type": "string"
                },
                "nooffoodpantries": {
                  "title": "nooffoodpantries",
                  "x-ms-dynamically-added": true,
                  "type": "number"
                }
              }
            }
          }
        },
        "Get_USState_Row_GUID": {
          "runAfter": {},
          "metadata": {
            "operationMetadataId": "7010375d-5d58-49e1-8e82-d3f53959c5e5"
          },
          "type": "OpenApiConnection",
          "inputs": {
            "host": {
              "connectionName": "shared_commondataserviceforapps",
              "operationId": "ListRecords",
              "apiId": "/providers/Microsoft.PowerApps/apis/shared_commondataserviceforapps"
            },
            "parameters": {
              "entityName": "cr49b_usstateses",
              "fetchXml": "<fetch version=\"1.0\" mapping=\"logical\" no-lock=\"false\" distinct=\"true\"><entity name=\"cr49b_usstates\"><attribute name=\"cr49b_usstatesid\"/><attribute name=\"cr49b_name\"/><attribute name=\"createdon\"/><order attribute=\"cr49b_name\" descending=\"false\"/><filter type=\"and\"><condition attribute=\"statecode\" operator=\"eq\" value=\"0\"/><condition attribute=\"cr49b_name\" operator=\"eq\" value=\"@{triggerBody()['text']}\"/></filter></entity></fetch>"
            },
            "authentication": "@parameters('$authentication')"
          }
        },
        "GUID": {
          "runAfter": {
            "Get_USState_Row_GUID": [
              "Succeeded"
            ]
          },
          "metadata": {
            "operationMetadataId": "523ae30f-07b9-49d5-9507-b0c54e3215f3"
          },
          "type": "Compose",
          "inputs": "@first(outputs('Get_USState_Row_GUID')?['body/value'])?['cr49b_usstatesid']",
          "description": "first(outputs('Get_USState_Row_GUID')?['body/value'])?['cr49b_usstatesid']"
        },
        "Get_Food_Pantries_by_State": {
          "runAfter": {
            "GUID": [
              "Succeeded"
            ]
          },
          "metadata": {
            "operationMetadataId": "eb2b4ddc-ccb9-45c9-8b53-fd07e0cd0eab"
          },
          "type": "OpenApiConnection",
          "inputs": {
            "host": {
              "connectionName": "shared_commondataserviceforapps",
              "operationId": "ListRecords",
              "apiId": "/providers/Microsoft.PowerApps/apis/shared_commondataserviceforapps"
            },
            "parameters": {
              "entityName": "ta_foodpantries",
              "fetchXml": "<fetch version=\"1.0\" mapping=\"logical\" no-lock=\"false\" distinct=\"true\"><entity name=\"ta_foodpantry\"><attribute name=\"ta_businessimage_url\"/><attribute name=\"ta_foodpantryid\"/><attribute name=\"ta_name\"/><order attribute=\"ta_name\" descending=\"false\"/><attribute name=\"ta_address\"/><attribute name=\"ta_phonenumber\"/><attribute name=\"ta_state\"/><filter type=\"and\"><condition attribute=\"statecode\" operator=\"eq\" value=\"0\"/><condition attribute=\"ta_state\" operator=\"eq\" value=\"{@{outputs('GUID')}}\" uiname=\"@{triggerBody()['text']}\" uitype=\"cr49b_usstates\"/></filter></entity></fetch>"
            },
            "authentication": "@parameters('$authentication')"
          }
        },
        "Initialize_variable": {
          "runAfter": {
            "Get_Food_Pantries_by_State": [
              "Succeeded"
            ]
          },
          "metadata": {
            "operationMetadataId": "4eb753fd-5742-4319-80da-2cf44bf2150b"
          },
          "type": "InitializeVariable",
          "inputs": {
            "variables": [
              {
                "name": "listoffoodpantries",
                "type": "string"
              }
            ]
          }
        },
        "Condition": {
          "actions": {
            "Append_to_string_variable_3": {
              "runAfter": {},
              "metadata": {
                "operationMetadataId": "3bf21124-c747-445e-8be0-f7c392a0830e"
              },
              "type": "AppendToStringVariable",
              "inputs": {
                "name": "listoffoodpantries",
                "value": "Ohh. We don't have food pantries in @{triggerBody()['text']} state yet."
              }
            },
            "Set_variable": {
              "runAfter": {
                "Append_to_string_variable_3": [
                  "Succeeded"
                ]
              },
              "metadata": {
                "operationMetadataId": "3359d5df-5a5c-448d-93a5-51bc13e04304"
              },
              "type": "SetVariable",
              "inputs": {
                "name": "nooffoodpantries",
                "value": "@length(outputs('Get_Food_Pantries_by_State')?['body/value'])"
              }
            }
          },
          "runAfter": {
            "Initialize_variable_2": [
              "Succeeded"
            ]
          },
          "else": {
            "actions": {
              "Apply_to_each_2": {
                "foreach": "@outputs('Get_Food_Pantries_by_State')?['body/value']",
                "actions": {
                  "Append_to_string_variable_2": {
                    "runAfter": {},
                    "metadata": {
                      "operationMetadataId": "e2d47082-af5f-41a7-b207-eaf98e77ef73"
                    },
                    "type": "AppendToStringVariable",
                    "inputs": {
                      "name": "listoffoodpantries",
                      "value": "* @{items('Apply_to_each_2')?['ta_name']}- 📍 @{items('Apply_to_each_2')?['ta_address']} - 📞 @{items('Apply_to_each_2')?['ta_phonenumber']}\n"
                    }
                  }
                },
                "runAfter": {},
                "metadata": {
                  "operationMetadataId": "a4394ef1-f276-43d7-a170-d4942d87fe6e"
                },
                "type": "Foreach"
              },
              "Set_variable_2": {
                "runAfter": {
                  "Apply_to_each_2": [
                    "Succeeded"
                  ]
                },
                "metadata": {
                  "operationMetadataId": "7a00bcc9-85f5-4fbf-8b4f-0f4b9447d468"
                },
                "type": "SetVariable",
                "inputs": {
                  "name": "nooffoodpantries",
                  "value": "@length(outputs('Get_Food_Pantries_by_State')?['body/value'])"
                }
              }
            }
          },
          "expression": {
            "equals": [
              "@length(outputs('Get_Food_Pantries_by_State')?['body/value'])",
              0
            ]
          },
          "metadata": {
            "operationMetadataId": "c862137f-53eb-4fbc-97f8-e8e88d932789"
          },
          "type": "If"
        },
        "Initialize_variable_2": {
          "runAfter": {
            "Initialize_variable": [
              "Succeeded"
            ]
          },
          "metadata": {
            "operationMetadataId": "4eb753fd-5742-4319-80da-2cf44bf2150b"
          },
          "type": "InitializeVariable",
          "inputs": {
            "variables": [
              {
                "name": "nooffoodpantries",
                "type": "integer"
              }
            ]
          }
        }
      },
      "outputs": {}
    },
    "templateName": "c9cd2c4e691a4646adc8aa592c88489b"
  },
  "schemaVersion": "1.0.0.0"
}